{
  "products": [
    {
      "id": 1,
      "title": "iPhone 9",
      "description": "An apple mobile which is nothing like apple",
      "price": 549,
      "discountPercentage": 12.96,
      "rating": 4.69,
      "image": "https://images.macrumors.com/t/e0o2RzHJ5cPlD4FgyKQ5jCdSGko=/1600x/article-new/2016/05/iphone8gold.jpg",
      "brand": "Apple",
      "category": "smartphones"
    },
    {
      "id": 2,
      "title": "iPhone X",
      "description": "SIM-Free, Model A19211 6.5-inch Super Retina HD display with OLED technology A12 Bionic chip with ...",
      "price": 899,
      "discountPercentage": 17.94,
      "rating": 4.44,
      "image": "https://fdn2.gsmarena.com/vv/pics/apple/apple-iphone-x-new-1.jpg",
      "brand": "Apple",
      "category": "smartphones"
    },
    {
      "id": 3,
      "title": "Samsung Universe 9",
      "description": "Samsung's new variant which goes beyond Galaxy to the Universe",
      "price": 1249,
      "discountPercentage": 15.46,
      "rating": 4.09,
      "image": "https://www.91-img.com/gallery_images_uploads/6/a/6aead76b1f3deeb8b71f150419a58bd80d732dfc.jpg?tr=h-630,c-at_max,q-80",
      "brand": "Samsung",
      "category": "smartphones"
    },
    {
      "id": 4,
      "title": "OPPOF19",
      "description": "OPPO F19 is officially announced on April 2021.",
      "price": 280,
      "discountPercentage": 17.91,
      "rating": 4.3,
      "image": "https://fdn2.gsmarena.com/vv/pics/oppo/oppo-f19-0.jpg",
      "brand": "OPPO",
      "category": "smartphones"
    },
    {
      "id": 5,
      "title": "Huawei P30",
      "description": "Huawei’s re-badged P30 Pro New Edition was officially unveiled yesterday in Germany and now the device has made its way to the UK.",
      "price": 499,
      "discountPercentage": 10.58,
      "rating": 4.09,
      "image": "https://fdn2.gsmarena.com/vv/pics/huawei/huawei-p30-1.jpg",
      "brand": "Huawei",
      "category": "smartphones"
    },
    {
      "id": 6,
      "title": "MacBook Pro",
      "description": "MacBook Pro 2021 with mini-LED display may launch between September, November",
      "price": 1749,
      "discountPercentage": 11.02,
      "image": "https://images.pexels.com/photos/249538/pexels-photo-249538.jpeg?cs=srgb&dl=pexels-john-tekeridis-249538.jpg&fm=jpg",
      "stock": 83,
      "brand": "Apple",
      "category": "laptops"
    },
    {
      "id": 7,
      "title": "Samsung Galaxy Book",
      "description": "Samsung Galaxy Book S (2020) Laptop With Intel Lakefield Chip, 8GB of RAM Launched",
      "price": 1499,
      "discountPercentage": 4.15,
      "rating": 4.25,
      "image": "https://images.samsung.com/is/image/samsung/p6pim/in/feature/163913587/in-feature-galaxy-book2-pro-13inch-np930xeda-531331954?$FB_TYPE_A_MO_JPG$",
      "brand": "Samsung",
      "category": "laptops"
    },
    {
      "id": 8,
      "title": "Microsoft Surface Laptop 4",
      "description": "Style and speed. Stand out on HD video calls backed by Studio Mics. Capture ideas on the vibrant touchscreen.",
      "price": 1499,
      "discountPercentage": 10.23,
      "rating": 4.43,
      "image": "https://img-prod-cms-rt-microsoft-com.akamaized.net/cms/api/am/imageFileData/RE4MCcc",
      "brand": "Microsoft Surface",
      "category": "laptops"
    },
    {
      "id": 9,
      "title": "Infinix INBOOK",
      "description": "Infinix Inbook X1 Ci3 10th 8GB 256GB 14 Win10 Grey – 1 Year Warranty",
      "price": 1099,
      "discountPercentage": 11.83,
      "rating": 4.54,
      "image":"https://cdn1.smartprix.com/rx-iNMbx0f5m-w1200-h1200/NMbx0f5m.jpg",
      "brand": "Infinix",
      "category": "laptops"
    },
    {
      "id": 10,
      "title": "HP Pavilion 15-DK1056WM",
      "description": "HP Pavilion 15-DK1056WM Gaming Laptop 10th Gen Core i5, 8GB, 256GB SSD, GTX 1650 4GB, Windows 10",
      "price": 1099,
      "discountPercentage": 6.18,
      "rating": 4.43,
      "image": "https://images-na.ssl-images-amazon.com/images/I/71TmJKXhl+L._AC_UL600_SR600,600_.jpg",
      "brand": "HP Pavilion",
      "category": "laptops"
    },
    {
      "id": 11,
      "title": "perfume Oil",
      "description": "Mega Discount, Impression of Acqua Di Gio by GiorgioArmani concentrated attar perfume Oil",
      "price": 13,
      "discountPercentage": 8.4,
      "rating": 4.26,
      "image": "https://img.freepik.com/premium-photo/arabian-oud-attar-perfume-agarwood-oil-fragrances-mini-bottles_158388-2813.jpg?w=2000",
      "brand": "Impression of Acqua Di Gio",
      "category": "fragrances",
      "thumbnail": "https://i.dummyjson.com/data/products/11/thumbnail.jpg"
    },
    {
      "id": 12,
      "title": "Brown Perfume",
      "description": "Royal_Mirage Sport Brown Perfume for Men & Women - 120ml",
      "price": 40,
      "discountPercentage": 15.66,
      "rating": 4,
      "image": "https://www.takeit2day.com/image/cache/data/arabic-fragrance/fragrance%20world/fragrance-world-brown-orchid-edp-80-ml-600x800-0.jpg",
      "brand": "Royal_Mirage",
      "category": "fragrances",
      "thumbnail": "https://i.dummyjson.com/data/products/12/thumbnail.jpg"
    },
    {
      "id": 13,
      "title": "Fog Scent Xpressio Perfume",
      "description": "Product details of Best Fog Scent Xpressio Perfume 100ml For Men cool long lasting perfumes for Men",
      "price": 13,
      "discountPercentage": 8.14,
      "rating": 4.59,
      "image": "https://www.bigbasket.com/media/uploads/p/l/40046724-7_1-fogg-scent-xpressio-for-men.jpg",
      "brand": "Fog Scent Xpressio",
      "category": "fragrances",
      "thumbnail": "https://i.dummyjson.com/data/products/13/thumbnail.webp"
    },
    {
      "id": 14,
      "title": "Non-Alcoholic Concentrated Perfume Oil",
      "description": "Original Al Munakh® by Mahal Al Musk | Our Impression of Climate | 6ml Non-Alcoholic Concentrated Perfume Oil",
      "price": 120,
      "discountPercentage": 15.6,
      "rating": 4.21,
      "image": "https://5.imimg.com/data5/SELLER/Default/2021/5/BM/YU/WF/35324123/whatsapp-image-2021-05-14-at-6-45-26-pm-500x500.jpeg",
      "brand": "Al Munakh",
      "category": "fragrances",
      "thumbnail": "https://i.dummyjson.com/data/products/14/thumbnail.jpg"
    },
    {
      "id": 15,
      "title": "Eau De Perfume Spray",
      "description": "Genuine  Al-Rehab spray perfume from UAE/Saudi Arabia/Yemen High Quality",
      "price": 30,
      "discountPercentage": 10.99,
      "rating": 4.7,
      "image": "https://media.istockphoto.com/id/1158358904/photo/spraying-perfume-on-dark-background-closeup-image.jpg?s=612x612&w=0&k=20&c=FgO1tJIxW_fVH0e7YHb-oMb_iDshELnMR6qXGILQFcU=",
      "brand": "Lord - Al-Rehab",
      "category": "fragrances",
      "thumbnail": "https://i.dummyjson.com/data/products/15/thumbnail.jpg"
    },
    {
      "id": 16,
      "title": "Hyaluronic Acid Serum",
      "description": "L'OrÃ©al Paris introduces Hyaluron Expert Replumping Serum formulated with 1.5% Hyaluronic Acid",
      "price": 19,
      "discountPercentage": 13.31,
      "rating": 4.83,
      "image": "https://hips.hearstapps.com/hmg-prod/images/gh-030220-best-hyaluronic-acid-serums-1583186519.png",
      "brand": "L'Oreal Paris",
      "category": "skincare",
      "thumbnail": "https://i.dummyjson.com/data/products/16/thumbnail.jpg"
    },
    {
      "id": 17,
      "title": "Tree Oil 30ml",
      "description": "Tea tree oil contains a number of compounds, including terpinen-4-ol, that have been shown to kill certain bacteria,",
      "price": 12,
      "discountPercentage": 4.09,
      "rating": 4.52,
      "image": "https://m.media-amazon.com/images/I/41Zc7DmOH1S.jpg",
      "brand": "Hemani Tea",
      "category": "skincare",
      "thumbnail": "https://i.dummyjson.com/data/products/17/thumbnail.jpg"
    },
    {
      "id": 18,
      "title": "Oil Free Moisturizer 100ml",
      "description": "Dermive Oil Free Moisturizer with SPF 20 is specifically formulated with ceramides, hyaluronic acid & sunscreen.",
      "price": 40,
      "discountPercentage": 13.1,
      "rating": 4.56,
      "image": "https://ailaaj.com/cdn/shop/products/dermive-oil-free_1024x.jpg?v=1647943273",
      "brand": "Dermive",
      "category": "skincare",
      "thumbnail": "https://i.dummyjson.com/data/products/18/thumbnail.jpg"
    },
    {
      "id": 19,
      "title": "Skin Beauty Serum.",
      "description": "Product name: rorec collagen hyaluronic acid white face serum riceNet weight: 15 m",
      "price": 46,
      "discountPercentage": 10.68,
      "rating": 4.42,
      "image": "https://images.meesho.com/images/products/281230197/0gdmb_512.webp",
      "brand": "ROREC White Rice",
      "category": "skincare",
      "thumbnail": "https://i.dummyjson.com/data/products/19/thumbnail.jpg"
    },
    {
      "id": 20,
      "title": "Freckle Treatment Cream- 15gm",
      "description": "Fair & Clear is Pakistan's only pure Freckle cream which helpsfade Freckles, Darkspots and pigments. Mercury level is 0%, so there are no side effects.",
      "price": 70,
      "discountPercentage": 16.99,
      "rating": 4.06,
      "image": "https://cdn2.stylecraze.com/wp-content/uploads/2021/05/15-Best-Freckle-Removal-Creams-To-Lighten-Your-Skin--2022.jpg",
      "brand": "Fair & Clear",
      "category": "skincare",
      "thumbnail": "https://i.dummyjson.com/data/products/20/thumbnail.jpg"
    },
    {
      "id": 21,
      "title": "- Daal Masoor 500 grams",
      "description": "Fine quality Branded Product Keep in a cool and dry place",
      "price": 20,
      "discountPercentage": 4.81,
      "rating": 4.44,
      "image": "https://needline.in/wp-content/uploads/2020/11/masoor-min.jpg",
      "category": "groceries",
      "thumbnail": "https://i.dummyjson.com/data/products/21/thumbnail.png"
    },
    {
      "id": 22,
      "title": "Elbow Macaroni - 400 gm",
      "description": "Product details of Bake Parlor Big Elbow Macaroni - 400 gm",
      "price": 14,
      "discountPercentage": 15.58,
      "rating": 4.57,
      "image": "https://m.media-amazon.com/images/I/615YeN2l47L.jpg",
      "brand": "Bake Parlor Big",
      "category": "groceries",
      "thumbnail": "https://i.dummyjson.com/data/products/22/thumbnail.jpg"
    },
    {
      "id": 23,
      "title": "Orange Essence Food Flavou",
      "description": "Specifications of Orange Essence Food Flavour For Cakes and Baking Food Item",
      "price": 14,
      "discountPercentage": 8.04,
      "rating": 4.85,
      "image": "https://5.imimg.com/data5/SELLER/Default/2021/11/FT/XU/VT/135046750/orange-food-500x500.jpg",
      "brand": "Baking Food Items",
      "category": "groceries",
      "thumbnail": "https://i.dummyjson.com/data/products/23/thumbnail.jpg"
    },
    {
      "id": 24,
      "title": "cereals muesli fruit nuts",
      "description": "original fauji cereal muesli 250gm box pack original fauji cereals muesli fruit nuts flakes breakfast cereal break fast faujicereals cerels cerel foji fouji",
      "price": 46,
      "discountPercentage": 16.8,
      "rating": 4.94,
      "image": "https://m.media-amazon.com/images/I/718yoYXp+lL._AC_UF1000,1000_QL80_.jpg",
      "brand": "fauji",
      "category": "groceries",
      "thumbnail": "https://i.dummyjson.com/data/products/24/thumbnail.jpg"
    },
    {
      "id": 25,
      "title": "Gulab Powder 50 Gram",
      "description": "Dry Rose Flower Powder Gulab Powder 50 Gram • Treats Wounds",
      "price": 70,
      "discountPercentage": 13.58,
      "rating": 4.87,
      "image": "https://m.media-amazon.com/images/I/811b3u4-JBL.jpg",
      "brand": "Dry Rose",
      "category": "groceries",
      "thumbnail": "https://i.dummyjson.com/data/products/25/thumbnail.jpg"
    }
  ]
}
